questionId,topic,question,answerCount,answerId,author,answerText
import_q001,UX/UI Design,Why do all websites look exactly the same now with massive text and boring colors?,2,import_a0001,Sam,"It is because most people just use templates now. Check out [WordPress](https://wordpress.com/), it powers half the web and uses standard themes."
import_q001,UX/UI Design,Why do all websites look exactly the same now with massive text and boring colors?,2,import_a0002,Mia,"Actually, it is for ease of use. When things look the same, people know how to click them without thinking."
import_q002,Software/Coding,"I am trying to learn Python but I am so lost, where do I actually start?",3,import_a0003,Dave,Do not panic! I highly recommend starting with [Codecademy](https://www.codecademy.com/). It lets you type code right in your browser.
import_q002,Software/Coding,"I am trying to learn Python but I am so lost, where do I actually start?",3,import_a0004,Sarah,I was stuck too. What helped me was making a simple text game. Just build something tiny!
import_q002,Software/Coding,"I am trying to learn Python but I am so lost, where do I actually start?",3,import_a0005,Leo,Watch one beginner video and stop searching. Too many choices will just confuse you.
import_q003,Productivity Tools,Is Notion actually better than just using a simple notebook? I feel like learning it is a full-time job.,2,import_a0006,Jen,I gave up on it. A paper notebook never runs out of battery. Just use what works for you.
import_q003,Productivity Tools,Is Notion actually better than just using a simple notebook? I feel like learning it is a full-time job.,2,import_a0007,Chris,"It is amazing if you need to share things. I recommend watching [Thomas Frank](https://thomasjfrank.com/) on YouTube, he explains it perfectly."
import_q004,Hardware/Gifts,"My budget is $50, what is the best mouse I can get for my office? My hand is cramping.",1,import_a0008,Mike,"For exactly that price, I recommend the [Logitech Pebble](https://www.logitech.com/). It is small, quiet, and very smooth."
import_q005,Cybersecurity/Privacy,Should I really be worried about my phone listening to me? I talked about dog food and saw an ad for it!,4,import_a0009,Anna,"They are not listening to your voice, they are just tracking what you search and where you go. It is creepy but normal."
import_q005,Cybersecurity/Privacy,Should I really be worried about my phone listening to me? I talked about dog food and saw an ad for it!,4,import_a0010,Tom,"In my experience, if you turn off microphone access in your settings, you will feel a lot better. Check out [Privacy Guides](https://www.privacyguides.org/) for simple tips."
import_q005,Cybersecurity/Privacy,Should I really be worried about my phone listening to me? I talked about dog food and saw an ad for it!,4,import_a0011,Jess,I totally think they listen. I never searched for dog food in my life!
import_q005,Cybersecurity/Privacy,Should I really be worried about my phone listening to me? I talked about dog food and saw an ad for it!,4,import_a0012,Rick,It is just a coincidence mixed with very smart math. Advertisers know you better than you know yourself.
import_q006,AI,Will ChatGPT actually take my job or is it just hype? I am an office assistant and I am freaking out.,0,,,
import_q007,Software/Coding,I keep getting stuck trying to put a picture exactly in the middle of my website. Why is HTML so hard?,1,import_a0013,Paul,"Try using [Flexbox](https://css-tricks.com/snippets/css/a-guide-to-flexbox/), it is a total game changer for placing things."
import_q008,UX/UI Design,Why does every single app want me to make an account just to read one page?,3,import_a0014,Nina,They want your email so they can sell you stuff.
import_q008,UX/UI Design,Why does every single app want me to make an account just to read one page?,3,import_a0015,Greg,Just use [10 Minute Mail](https://10minutemail.com/) if you do not want to give them your real email.
import_q008,UX/UI Design,Why does every single app want me to make an account just to read one page?,3,import_a0016,Fiona,It is super annoying. I just close the page right away.
import_q009,Hardware/Gifts,My laptop is 5 years old and takes ten minutes to turn on. Do I need to buy a new one?,2,import_a0017,Omar,No! Just buy a cheap Solid State Drive. It will run like brand new.
import_q009,Hardware/Gifts,My laptop is 5 years old and takes ten minutes to turn on. Do I need to buy a new one?,2,import_a0018,Lucy,"In my experience, if it is over 5 years old, it might be time to check out [Best Buy](https://www.bestbuy.com/) for a basic new model."
import_q010,Cybersecurity/Privacy,Does clearing your browser cache actually do anything or is it a myth?,1,import_a0019,Evan,"Yes, it deletes old files that might be broken. It usually fixes weird website glitches for me."
import_q011,Productivity Tools,I have tried ten different to-do apps and I always quit using them. What is wrong with me?,4,import_a0020,Cara,Nothing is wrong with you! Apps can be too much work.
import_q011,Productivity Tools,I have tried ten different to-do apps and I always quit using them. What is wrong with me?,4,import_a0021,Seth,Try using just a sticky note on your desk.
import_q011,Productivity Tools,I have tried ten different to-do apps and I always quit using them. What is wrong with me?,4,import_a0022,Maya,"I recommend [Todoist](https://todoist.com/), it is the only one that stuck for me because it is so plain."
import_q011,Productivity Tools,I have tried ten different to-do apps and I always quit using them. What is wrong with me?,4,import_a0023,Luke,You might be trying to plan too much at once. Just write down three things a day.
import_q012,AI,Is using AI to make art actually considered real art? Just curious what people think.,2,import_a0024,Zoe,"It is more like telling an artist what to paint. You are the director, not the painter."
import_q012,AI,Is using AI to make art actually considered real art? Just curious what people think.,2,import_a0025,Ryan,"I do not think so, but tools like [Midjourney](https://www.midjourney.com/) are still really fun to play with."
import_q013,UX/UI Design,Where did all the scrollbars go on modern websites? I can never tell how long a page is anymore!,0,,,
import_q014,Software/Coding,Do I need to be really good at math to learn how to code? I am terrible at numbers.,2,import_a0026,Tess,Not at all! Most coding is just logic and moving words around.
import_q014,Software/Coding,Do I need to be really good at math to learn how to code? I am terrible at numbers.,2,import_a0027,Alan,"Unless you are making 3D games or AI, basic math is totally fine. Check out [freeCodeCamp](https://www.freecodecamp.org/) to see how simple it starts."
import_q015,Hardware/Gifts,Should I get a Mac or a PC for college? I mostly just type papers and watch videos.,3,import_a0028,Jill,Get a cheap PC. You do not need a Mac just to write papers.
import_q015,Hardware/Gifts,Should I get a Mac or a PC for college? I mostly just type papers and watch videos.,3,import_a0029,Mark,A MacBook Air is amazing because the battery lasts all day. Look at the student discounts on [Apple](https://www.apple.com/).
import_q015,Hardware/Gifts,Should I get a Mac or a PC for college? I mostly just type papers and watch videos.,3,import_a0030,Emma,"Honestly, a simple Chromebook might be all you need!"
import_q016,Productivity Tools,What is the best shared calendar for a really busy family? We keep missing appointments.,1,import_a0031,Beth,I highly recommend [Google Calendar](https://calendar.google.com/). You can color code everything for each kid.
import_q017,Cybersecurity/Privacy,Are those free VPN apps actually safe to use? I want to watch a show from another country.,2,import_a0032,Cole,"If it is free, you are the product. They might be selling your data."
import_q017,Cybersecurity/Privacy,Are those free VPN apps actually safe to use? I want to watch a show from another country.,2,import_a0033,Dana,Pay for a cheap one instead. I use [Mullvad](https://mullvad.net/) and it is very safe.
import_q018,AI,"Every time I ask AI to write an email for me, it sounds totally fake. How do I fix this?",3,import_a0034,Sean,Tell it to write like a normal person and stop using big words.
import_q018,AI,"Every time I ask AI to write an email for me, it sounds totally fake. How do I fix this?",3,import_a0035,Erin,"I always write my own messy email first, then ask the AI to just fix my spelling."
import_q018,AI,"Every time I ask AI to write an email for me, it sounds totally fake. How do I fix this?",3,import_a0036,Kyle,"Check out [Grammarly](https://www.grammarly.com/), it helps you write better without sounding like a robot."
import_q019,UX/UI Design,Why are the words on websites getting so huge? I feel like I am reading a children book.,1,import_a0037,Jane,"Mostly because everyone uses their phones now, so text has to be big enough to tap on."
import_q020,Software/Coding,I am 40 years old. Is it too late to learn how to make websites?,4,import_a0038,Bill,Never! I started at 45 and now I do it for a living.
import_q020,Software/Coding,I am 40 years old. Is it too late to learn how to make websites?,4,import_a0039,Rose,Age does not matter at all. The computer does not care how old you are.
import_q020,Software/Coding,I am 40 years old. Is it too late to learn how to make websites?,4,import_a0040,Gary,"Try out [The Odin Project](https://www.theodinproject.com/), it is completely free and walks you through everything."
import_q020,Software/Coding,I am 40 years old. Is it too late to learn how to make websites?,4,import_a0041,Lynn,"It might take a bit longer to learn, but you have life experience that younger people do not have."
import_q021,Hardware/Gifts,I love the sound of loud keyboards but my family hates it. Is there a quiet one that still feels good?,2,import_a0042,Noah,Look for keyboards with brown or red switches. They feel nice but do not click loudly.
import_q021,Hardware/Gifts,I love the sound of loud keyboards but my family hates it. Is there a quiet one that still feels good?,2,import_a0043,Leah,I recommend the [Keychron](https://www.keychron.com/) boards. You can pick quiet keys when you buy it.
import_q022,Productivity Tools,Evernote got too expensive. What is a free note app that is actually good?,3,import_a0044,Adam,Just use Apple Notes if you have an iPhone. It is perfectly fine.
import_q022,Productivity Tools,Evernote got too expensive. What is a free note app that is actually good?,3,import_a0045,Ruth,I moved all my stuff to [Joplin](https://joplinapp.org/). It is completely free and works exactly the same.
import_q022,Productivity Tools,Evernote got too expensive. What is a free note app that is actually good?,3,import_a0046,Drew,Google Keep is great for quick little notes.
import_q023,Cybersecurity/Privacy,Does opening a private window actually hide what I am doing from my internet provider?,2,import_a0047,Troy,No! It only hides it from other people who use your exact computer.
import_q023,Cybersecurity/Privacy,Does opening a private window actually hide what I am doing from my internet provider?,2,import_a0048,Gail,Your internet company can still see everything. You would need a VPN to hide it from them.
import_q024,AI,Can I just copy my whole resume into ChatGPT and ask it to make it better?,1,import_a0049,Cody,"Yes, but make sure you remove your phone number and address first just to be safe!"
import_q025,UX/UI Design,I absolutely hate the new video updates on social media. Why is everything turning into TikTok?,0,,,
import_q026,Software/Coding,I am learning code. What exactly is Github and why does everyone say I need it?,2,import_a0050,Dean,It is basically Google Drive for code. It saves a history of your work so you never lose it.
import_q026,Software/Coding,I am learning code. What exactly is Github and why does everyone say I need it?,2,import_a0051,Faye,It is a place to show off your projects to get a job. Make a free account at [GitHub](https://github.com/) and just click around.
import_q027,Hardware/Gifts,I am working from home. Should I buy wireless headphones or are wired ones better?,3,import_a0052,John,Get wireless! Being able to walk to the kitchen during a boring meeting is the best.
import_q027,Hardware/Gifts,I am working from home. Should I buy wireless headphones or are wired ones better?,3,import_a0053,Mary,Wired ones never run out of battery. I hate charging my headphones.
import_q027,Hardware/Gifts,I am working from home. Should I buy wireless headphones or are wired ones better?,3,import_a0054,Carl,"I recommend [Sony](https://www.sony.com/) wireless headphones, the battery lasts for days."
import_q028,Productivity Tools,How do I actually stop looking at my phone while I am trying to work?,2,import_a0055,Tina,"Put it in another room. Seriously, just walk away from it."
import_q028,Productivity Tools,How do I actually stop looking at my phone while I am trying to work?,2,import_a0056,Zack,There is a cool app called [Forest](https://www.forestapp.cc/) that grows a virtual tree when you leave your phone alone.
import_q029,Cybersecurity/Privacy,Every website asks me to accept cookies. Should I actually care about this?,1,import_a0057,Ella,Usually it is fine. They just use it to remember you or track what you look at. Just hit accept if you are in a hurry.
import_q030,AI,Is using AI tools to make graphics basically stealing from real artists?,4,import_a0058,Pete,That is a huge debate right now. The AI did learn by looking at millions of real drawings.
import_q030,AI,Is using AI tools to make graphics basically stealing from real artists?,4,import_a0059,Lori,"I think of it as inspiration, just like a human artist looks at other art."
import_q030,AI,Is using AI tools to make graphics basically stealing from real artists?,4,import_a0060,Hank,"If you are making money from it, it feels a bit wrong."
import_q030,AI,Is using AI tools to make graphics basically stealing from real artists?,4,import_a0061,Cara,You can read more about the legal fights on [The Verge](https://www.theverge.com/). It is super complicated.
import_q031,UX/UI Design,Why do apps ask me to rate them five seconds after I open them for the first time?,2,import_a0062,Vera,It is a lazy way to get good reviews before you find any bugs.
import_q031,UX/UI Design,Why do apps ask me to rate them five seconds after I open them for the first time?,2,import_a0063,Stan,"I always click no. If they bother me twice, I delete them."
import_q032,Software/Coding,I am about to put my first website on the internet and I am terrified. What if people hack it?,2,import_a0064,Kurt,Nobody is going to find it unless you tell them about it! Do not worry.
import_q032,Software/Coding,I am about to put my first website on the internet and I am terrified. What if people hack it?,2,import_a0065,Lisa,"If it is just simple text and pictures, there is nothing to hack. Try hosting it for free on [Netlify](https://www.netlify.com/)."
import_q033,Hardware/Gifts,Is getting a second screen for my computer actually worth the money?,3,import_a0066,Phil,Yes. It will completely change your life. You can never go back.
import_q033,Hardware/Gifts,Is getting a second screen for my computer actually worth the money?,3,import_a0067,Ruby,I put my email on one screen and my work on the other. It is amazing.
import_q033,Hardware/Gifts,Is getting a second screen for my computer actually worth the money?,3,import_a0068,Doug,You do not even need an expensive one. Find a cheap used screen on [eBay](https://www.ebay.com/).
import_q034,Productivity Tools,Working for 25 minutes and taking a 5 minute break feels so dumb to me. Am I doing it wrong?,1,import_a0069,Nina,"That method does not work for everyone. If you are focused, just keep working! Do not let a timer stop you."
import_q035,Cybersecurity/Privacy,"People say to use a password manager, but what if that gets hacked? Then they have everything!",2,import_a0070,Jake,"That is a scary thought, but they are built like a giant bank vault. It is much safer than using the same password everywhere."
import_q035,Cybersecurity/Privacy,"People say to use a password manager, but what if that gets hacked? Then they have everything!",2,import_a0071,Tara,I recommend [Bitwarden](https://bitwarden.com/). It is free and highly trusted by experts.
import_q036,AI,Can I use AI to figure out what to cook for dinner with just the random stuff in my fridge?,3,import_a0072,Eric,Yes! I do this all the time. Just list your ingredients and ask for a simple recipe.
import_q036,AI,Can I use AI to figure out what to cook for dinner with just the random stuff in my fridge?,3,import_a0073,Mona,It is surprisingly good at baking recipes too.
import_q036,AI,Can I use AI to figure out what to cook for dinner with just the random stuff in my fridge?,3,import_a0074,Gwen,"Check out [SuperCook](https://www.supercook.com/), it is a website specifically made for doing exactly this!"
import_q037,UX/UI Design,Why is it so hard to find the actual movie categories on TV streaming menus now?,1,import_a0075,Joel,They want to force you to look at their original shows first. It is totally on purpose.
import_q038,Software/Coding,Are those three-month coding schools actually legit or just a scam to take my money?,0,,,
import_q039,Hardware/Gifts,My back hurts from sitting. Is a standing desk actually worth it?,4,import_a0076,Burt,"Yes, but you need a soft mat to stand on or your feet will hurt instead."
import_q039,Hardware/Gifts,My back hurts from sitting. Is a standing desk actually worth it?,4,import_a0077,Cora,I got one and I never stand up. It just became an expensive normal desk.
import_q039,Hardware/Gifts,My back hurts from sitting. Is a standing desk actually worth it?,4,import_a0078,Walt,I totally recommend [IKEA](https://www.ikea.com/) for cheap ones that use a crank handle.
import_q039,Hardware/Gifts,My back hurts from sitting. Is a standing desk actually worth it?,4,import_a0079,Judy,"Mix it up! Stand for an hour, sit for an hour."
import_q040,Productivity Tools,Is having zero unread emails actually possible or do people just lie about it?,2,import_a0080,Brad,"I just select all and mark as read. Boom, zero emails."
import_q040,Productivity Tools,Is having zero unread emails actually possible or do people just lie about it?,2,import_a0081,Lana,It takes a lot of daily work. Unsubscribing from junk is the real secret.
import_q041,Cybersecurity/Privacy,Is it really that dangerous to use the free wifi at a coffee shop?,2,import_a0082,Neil,"Not as much as it used to be, since most websites use secure locks now."
import_q041,Cybersecurity/Privacy,Is it really that dangerous to use the free wifi at a coffee shop?,2,import_a0083,Olga,"If you are checking your bank account, use your phone data instead."
import_q042,AI,What is a safe tool to help me rewrite angry emails so I do not get fired?,1,import_a0084,Wade,Put it in [GoblinTools](https://goblin.tools/). They have a feature that changes the tone of your text to make it polite!
import_q043,UX/UI Design,Why are car companies putting climate controls on touch screens? It feels so dangerous.,3,import_a0085,Toby,Screens are cheaper to build than a bunch of plastic buttons.
import_q043,UX/UI Design,Why are car companies putting climate controls on touch screens? It feels so dangerous.,3,import_a0086,Katy,I completely agree. I have to take my eyes off the road just to turn on the heater.
import_q043,UX/UI Design,Why are car companies putting climate controls on touch screens? It feels so dangerous.,3,import_a0087,Leon,Some car makers are finally bringing buttons back because everyone complained.
import_q044,Software/Coding,"I copy code from tutorials and it works, but I feel like I learn nothing. How do I stop?",2,import_a0088,Ivan,"Type it out by hand. Even if you are copying, typing makes your brain remember it better."
import_q044,Software/Coding,"I copy code from tutorials and it works, but I feel like I learn nothing. How do I stop?",2,import_a0089,Gina,Try to change one small thing about the code after you copy it.
import_q045,Hardware/Gifts,My office is really dark and I look terrible on Zoom. What is a cheap way to fix this?,2,import_a0090,Rudy,Do not buy a new camera! Just buy a cheap desk lamp and point it at the wall behind your computer.
import_q045,Hardware/Gifts,My office is really dark and I look terrible on Zoom. What is a cheap way to fix this?,2,import_a0091,Faye,A cheap ring light from [Amazon](https://www.amazon.com/) works wonders for bad lighting.
import_q046,Productivity Tools,I have too many ideas in my head. Is there an easy app to draw out my thoughts?,1,import_a0092,Hugo,I highly recommend [Miro](https://miro.com/). It is basically a giant digital whiteboard you can draw all over.
import_q047,Cybersecurity/Privacy,Why do some unsubscribe buttons at the bottom of emails just take me to an error page?,0,,,
import_q048,AI,Will AI eventually just write all the code and make programmers useless?,2,import_a0093,Alex,It will just write the boring parts. We will still need humans to figure out what actually needs to be built.
import_q048,AI,Will AI eventually just write all the code and make programmers useless?,2,import_a0094,Dawn,Coding is mostly problem-solving. The AI is just a really fast typing assistant.
import_q049,UX/UI Design,Those tests that make you click on crosswalks to prove you are human are getting impossible.,3,import_a0095,Ross,I swear I clicked all the bicycles but it still failed me!
import_q049,UX/UI Design,Those tests that make you click on crosswalks to prove you are human are getting impossible.,3,import_a0096,Macy,"It is because robots are getting smarter, so the tests have to get harder."
import_q049,UX/UI Design,Those tests that make you click on crosswalks to prove you are human are getting impossible.,3,import_a0097,Kirk,I read an article on [Wired](https://www.wired.com/) about this. We are actually training their self-driving cars for free.
import_q050,Software/Coding,Why do programmers argue so much about using the tab key versus the space bar?,2,import_a0098,Owen,It is just an old joke at this point. Use whatever you like!
import_q050,Software/Coding,Why do programmers argue so much about using the tab key versus the space bar?,2,import_a0099,Vicky,"Spaces look the same on every computer, while tabs can look messy. But modern editors fix it for you anyway."
import_q051,UX/UI Design,Why do all websites look exactly the same now? It is just big pictures and large text everywhere.,6,import_a0100,Dave123,I think it is because most people use phones now. Big text and pictures are much easier to tap on a small screen.
import_q051,UX/UI Design,Why do all websites look exactly the same now? It is just big pictures and large text everywhere.,6,import_a0101,WebFan,A lot of people just use website builders like [Squarespace](https://www.squarespace.com/) which give everyone the exact same basic templates.
import_q051,UX/UI Design,Why do all websites look exactly the same now? It is just big pictures and large text everywhere.,6,import_a0102,DesignNerd,"It is actually about making things easy to read quickly. When websites look similar, people do not have to learn how to use them every single time."
import_q052,Software/Coding,I am trying to learn Python but I am so lost. Where do I actually start without getting confused?,6,import_a0103,CodeNewbie,I was stuck too! I highly recommend [Codecademy](https://www.codecademy.com/). It lets you type code right in your web browser so you do not have to install anything complicated.
import_q052,Software/Coding,I am trying to learn Python but I am so lost. Where do I actually start without getting confused?,6,import_a0104,PythonPro,Start by trying to fix one small problem in your daily life. Do not try to build a huge video game on day one.
import_q052,Software/Coding,I am trying to learn Python but I am so lost. Where do I actually start without getting confused?,6,import_a0105,SarahJ,Check this out: YouTube has amazing free videos. Just search for Python for absolute beginners. Watching someone else do it really helps.
import_q053,Productivity Tools,Is Notion actually better than just using a simple paper notebook? It looks like too much work.,8,import_a0106,PaperLover,"Honestly, no. A plain paper notebook never runs out of battery and it does not distract you with internet notifications."
import_q053,Productivity Tools,Is Notion actually better than just using a simple paper notebook? It looks like too much work.,8,import_a0107,NotionFan,It depends on what you need! I use [Notion](https://www.notion.so/) because I can search for words easily. You cannot use a search bar on a piece of paper.
import_q053,Productivity Tools,Is Notion actually better than just using a simple paper notebook? It looks like too much work.,8,import_a0108,BusyMom,I tried it and gave up. It felt like I was spending more time organizing my tasks than actually doing them.
import_q053,Productivity Tools,Is Notion actually better than just using a simple paper notebook? It looks like too much work.,8,import_a0109,TechStudent,"In my experience, it is great if you use a free template someone else already made. Do not build it from scratch."
import_q054,Hardware/Gifts,My budget is 50 dollars. What is the absolute best computer mouse I can get for my office job?,4,import_a0110,MouseGuy,I recommend the Logitech M720. It is usually under 50 dollars and you can connect it to different computers with one button.
import_q054,Hardware/Gifts,My budget is 50 dollars. What is the absolute best computer mouse I can get for my office job?,4,import_a0111,OfficeWorker,"Actually, just get a basic wired mouse. They never die, never need batteries, and cost like 10 bucks on [Amazon](https://www.amazon.com/)."
import_q055,Cybersecurity/Privacy,Should I really be worried about my phone listening to me? I talked about shoes and now I see shoe ads everywhere.,8,import_a0112,TechTruth,"In my experience, they are not actually recording your voice. They just track what you search for and where you travel. It is creepy but they are not listening to your actual words."
import_q055,Cybersecurity/Privacy,Should I really be worried about my phone listening to me? I talked about shoes and now I see shoe ads everywhere.,8,import_a0113,PrivacyFirst,You can turn off microphone access for apps in your phone settings if you are worried! It helps give you some peace of mind.
import_q055,Cybersecurity/Privacy,Should I really be worried about my phone listening to me? I talked about shoes and now I see shoe ads everywhere.,8,import_a0114,AdGuy,It is usually just a coincidence. You probably searched for something similar recently or your friend searched for it while you were on the same Wi-Fi.
import_q055,Cybersecurity/Privacy,Should I really be worried about my phone listening to me? I talked about shoes and now I see shoe ads everywhere.,8,import_a0115,SafeWeb,"If you want to stop the ads, check out the [Brave Browser](https://brave.com/). It blocks a lot of those creepy trackers automatically."
import_q056,AI,Will ChatGPT actually take my job or is it just hype? I work in answering customer service emails.,0,,,
import_q057,UX/UI Design,Why do websites hide the menu behind those three little horizontal lines? I can never find anything.,4,import_a0116,PhoneUser,That is called a hamburger menu! Designers use it to save space on small screens so the page does not look messy.
import_q057,UX/UI Design,Why do websites hide the menu behind those three little horizontal lines? I can never find anything.,4,import_a0117,OldSchool,I hate it too. I prefer when all the buttons are just at the top of the page so I know exactly where to click.
import_q058,Hardware/Gifts,I spilled a whole glass of water on my laptop keyboard. I turned it off. What do I do right now?!,6,import_a0118,FixItFelix,Keep it turned off! Do not turn it on to check if it works. Unplug it and lay it open face down on a towel for at least two days.
import_q058,Hardware/Gifts,I spilled a whole glass of water on my laptop keyboard. I turned it off. What do I do right now?!,6,import_a0119,TechSupport,"If you can easily take the battery out, do that immediately. But most new laptops do not let you do that, so just let it dry completely."
import_q058,Hardware/Gifts,I spilled a whole glass of water on my laptop keyboard. I turned it off. What do I do right now?!,6,import_a0120,RiceMyth,"Whatever you do, do not put it in rice! Rice dust can get inside and ruin the fans. You can read why on [iFixit](https://www.ifixit.com/)."
import_q059,Productivity Tools,I have 500 unread emails and the number keeps growing. How do I fix this without deleting everything?,6,import_a0121,InboxZero,Search for the word unsubscribe and delete all those automatic emails first. That will clear out half of your inbox right away.
import_q059,Productivity Tools,I have 500 unread emails and the number keeps growing. How do I fix this without deleting everything?,6,import_a0122,BusyWorker,"I recommend putting all of your older emails into a folder called Archive. They are not deleted, so you can still search for them later, but your main screen will be clean."
import_q059,Productivity Tools,I have 500 unread emails and the number keeps growing. How do I fix this without deleting everything?,6,import_a0123,LazyGenius,"Honestly, just ignore the number. If it is really important, the person will email you again."
import_q060,Software/Coding,What is the best programming language to learn if I want to make a simple iPhone game?,4,import_a0124,GameDev,"If you only want it on iPhone, look into Swift. It is made by Apple specifically for their phones."
import_q060,Software/Coding,What is the best programming language to learn if I want to make a simple iPhone game?,4,import_a0125,UnityFan,"I highly recommend using [Unity](https://unity.com/). You learn C# with it, and it lets you put your game on iPhone and Android at the same time."
import_q061,Cybersecurity/Privacy,I clicked a link in a random text message about a package delivery. Did I just ruin my phone?,4,import_a0126,SecurityPro,"If you just clicked the link but did not type in any passwords or download anything, you are probably fine. Just close the page."
import_q061,Cybersecurity/Privacy,I clicked a link in a random text message about a package delivery. Did I just ruin my phone?,4,import_a0127,ScamHater,Never put your credit card info into those sites! That is how they steal your money. They trick you into paying a tiny delivery fee.
import_q062,AI,How does an AI actually generate a picture from just a few words? It feels like magic.,4,import_a0128,AI_Nerd,"It looked at millions of pictures on the internet and learned what things look like. When you say cat, it remembers the pattern of a cat from all those photos."
import_q062,AI,How does an AI actually generate a picture from just a few words? It feels like magic.,4,import_a0129,SimpleScience,Think of it like a very fast artist who has memorized every drawing in the world and tries to blend them together based on your instructions.
import_q063,UX/UI Design,Dark mode is actually terrible for reading long articles. Am I the only one who thinks this?,6,import_a0130,SammyG,I completely agree! My eyes hurt so much when reading bright white text on a super black background.
import_q063,UX/UI Design,Dark mode is actually terrible for reading long articles. Am I the only one who thinks this?,6,import_a0131,TechFan,"Actually, dark mode saves battery on newer phone screens. But yes, it can make you squint if you read for too long."
import_q063,UX/UI Design,Dark mode is actually terrible for reading long articles. Am I the only one who thinks this?,6,import_a0132,DesignPro,"It is all about the gray tones. Good dark mode uses dark gray, not pure black. Check out the [Material Design Guide](https://m3.material.io/) to see how they fix this."
import_q064,Hardware/Gifts,What is the difference between a cheap 5 dollar TV cable and an expensive 50 dollar one?,4,import_a0133,TVGuy,"For regular digital cables like HDMI, there is absolutely no difference in picture quality. It either works or it does not. Save your money."
import_q064,Hardware/Gifts,What is the difference between a cheap 5 dollar TV cable and an expensive 50 dollar one?,4,import_a0134,GamerDude,"In my experience, the only difference is how strong the cord is. Cheap ones might break if you bend them too much, but the picture is the exact same."
import_q065,Productivity Tools,I need a simple app to share a grocery list with my wife. What do you all use?,6,import_a0135,FamilyMan,We just use the Notes app that comes on the iPhone. You can share it and both people can check things off.
import_q065,Productivity Tools,I need a simple app to share a grocery list with my wife. What do you all use?,6,import_a0136,ListLover,I recommend [AnyList](https://www.anylist.com/). It automatically sorts your food into categories like dairy and produce so you walk through the store faster.
import_q065,Productivity Tools,I need a simple app to share a grocery list with my wife. What do you all use?,6,import_a0137,GoogleFan,Google Keep is amazing for this. It is totally free and works even if one of you has an Android and the other has an iPhone.
import_q066,Software/Coding,Learning to code is a total waste of time now that AI can write it for you. Right?,4,import_a0138,CodeVeteran,"Not at all. AI is like a fancy calculator. It can do the math, but you still need to know what numbers to type in to get the right answer."
import_q066,Software/Coding,Learning to code is a total waste of time now that AI can write it for you. Right?,4,import_a0139,TechRealist,"AI makes a lot of mistakes. If you do not know how to code, you will not know how to fix the broken code it gives you."
import_q067,Cybersecurity/Privacy,What is the easiest password manager for someone who is terrible with computers?,4,import_a0140,SafeTech,"I recommend [Bitwarden](https://bitwarden.com/). It is free, very secure, and works on your phone and computer without being confusing."
import_q067,Cybersecurity/Privacy,What is the easiest password manager for someone who is terrible with computers?,4,import_a0141,AppleUser,"If you only use Apple devices, just use the built-in iCloud Keychain. It saves everything automatically and you just use your fingerprint or face to log in."
import_q068,UX/UI Design,I have to build a website for my mom's bakery by Friday and I have no clue where to start. Help!,4,import_a0142,HelpfulDesigner,"Do not panic! Use a template. Just get [Wix](https://www.wix.com/), pick a food template, change the words, and add some nice photos of her bread."
import_q068,UX/UI Design,I have to build a website for my mom's bakery by Friday and I have no clue where to start. Help!,4,import_a0143,BizOwner,"Honestly, a lot of small shops just use a Facebook page or Instagram now instead of a full website. It is much faster to set up."
import_q069,AI,I want to use AI to help me write better business emails. Is there a free tool that is good?,4,import_a0144,EmailPro,Just use the free version of ChatGPT! You can paste your messy thoughts and ask it to make it sound professional.
import_q069,AI,I want to use AI to help me write better business emails. Is there a free tool that is good?,4,import_a0145,GrammarFan,I highly recommend [Grammarly](https://www.grammarly.com/). It fixes your spelling and tone right inside your email window without you having to open a new tab.
import_q070,Hardware/Gifts,I want to buy my dad a tablet just for reading the morning news. iPad or a cheap Amazon tablet?,6,import_a0146,Daughter22,"Get an iPad if you can afford it. It will last five times longer without getting slow, and it is much easier for older folks to use."
import_q070,Hardware/Gifts,I want to buy my dad a tablet just for reading the morning news. iPad or a cheap Amazon tablet?,6,import_a0147,BudgetShopper,"If it is literally just for reading text, an Amazon Fire tablet is totally fine and saves you hundreds of dollars."
import_q070,Hardware/Gifts,I want to buy my dad a tablet just for reading the morning news. iPad or a cheap Amazon tablet?,6,import_a0148,TechDad,"In my experience, cheap tablets have awful screens. Reading on them hurts your eyes. Check out refurbished iPads on [Apple](https://www.apple.com/)."
import_q071,Productivity Tools,Why does my work chat always send me notifications even when I set my status to away?,2,import_a0149,TiredWorker,You probably have your settings on mobile pushing notifications anyway. You have to tell the app on your phone to pause notifications too.
import_q072,Software/Coding,I have been staring at this error message for two hours. It says syntax error but everything looks right!,4,import_a0150,EagleEye,"A syntax error usually means you forgot a tiny symbol, like a comma, a bracket, or a colon at the end of a line. Check the line directly above where the error is pointing!"
import_q072,Software/Coding,I have been staring at this error message for two hours. It says syntax error but everything looks right!,4,import_a0151,CodeHelper,Try copying the exact error message and pasting it into Google. I guarantee someone else had the exact same problem.
import_q073,Cybersecurity/Privacy,I actually do not care if big companies have my data. I like getting ads for things I want. Is that wrong?,4,import_a0152,PrivacyNerd,"It is your choice! The problem is not just ads, it is that if they get hacked, your personal information like your home address could be stolen by criminals."
import_q073,Cybersecurity/Privacy,I actually do not care if big companies have my data. I like getting ads for things I want. Is that wrong?,4,import_a0153,ChillUser,I am exactly like you. I would rather see an ad for a cool video game than an ad for adult diapers. I do not mind the tracking.
import_q074,UX/UI Design,Infinite scrolling is the worst thing to happen to the internet. I miss pages with numbers at the bottom.,4,import_a0154,MindfulSurfer,Yes! Infinite scroll is designed to trap you and keep you looking at the screen forever. Pages gave you a natural stopping point.
import_q074,UX/UI Design,Infinite scrolling is the worst thing to happen to the internet. I miss pages with numbers at the bottom.,4,import_a0155,LazyScroller,"I actually love it. Clicking next page is annoying, especially on a phone. Just swiping up is so much easier."
import_q075,Hardware/Gifts,My phone battery dies by two in the afternoon every single day and it is only a year old. Why?,4,import_a0156,BatterySaver,Go to your battery settings and see what app is eating the power. Usually it is a social media app running in the background.
import_q075,Hardware/Gifts,My phone battery dies by two in the afternoon every single day and it is only a year old. Why?,4,import_a0157,ScreenBright,"Check your screen brightness! If you leave it on maximum all day, it drains the battery incredibly fast."
import_q076,AI,My teacher uses an AI checker for homework. I wrote my paper myself but I am scared it will flag me as fake.,4,import_a0158,StudentLife,"I recommend saving your work history. If you type in Google Docs, it saves every edit you make. You can show that to your teacher as proof."
import_q076,AI,My teacher uses an AI checker for homework. I wrote my paper myself but I am scared it will flag me as fake.,4,import_a0159,TechTeacher,"Actually, most of those checking tools are very inaccurate. You can read an article about how they fail often on [The Verge](https://www.theverge.com/). Just be honest and show your rough drafts."
import_q077,Productivity Tools,Do normal people actually use Trello for their personal lives? It looks like it is just for office project managers.,4,import_a0160,OrganizedMess,"I use it for planning vacations! I make a column for places to eat, things to do, and hotels. It is super visual."
import_q077,Productivity Tools,Do normal people actually use Trello for their personal lives? It looks like it is just for office project managers.,4,import_a0161,SimpleLife,"I think it is overkill for daily chores, but it is great if you are moving to a new house and have a hundred things to track."
import_q078,Software/Coding,"What actually happens when a website goes down? Like, where did it go?",4,import_a0162,ServerAdmin,"A website is just a bunch of files sitting on a computer in a big warehouse. If that computer loses power or gets too crowded, it cannot send the files to your phone."
import_q078,Software/Coding,"What actually happens when a website goes down? Like, where did it go?",4,import_a0163,TechieMom,"Think of it like a restaurant. If the kitchen catches on fire, they lock the front doors. The building is still there, but you cannot get any food."
import_q079,Cybersecurity/Privacy,I hate that I have to make an account just to read a single news article online. Why do they do this?,4,import_a0164,NewsJunkie,They want your email address so they can send you newsletters and eventually try to make you pay for a subscription.
import_q079,Cybersecurity/Privacy,I hate that I have to make an account just to read a single news article online. Why do they do this?,4,import_a0165,BypassTrick,"Sometimes if you use reader mode on your web browser, it hides the popup so you can read the text anyway. Give it a try!"
import_q080,Hardware/Gifts,Mechanical keyboards are way too loud and annoying. Why do people pay so much money for them?,4,import_a0166,TypingFan,They feel amazing to type on. It gives you physical feedback so you know you hit the key. You can actually buy quiet switches for them!
import_q080,Hardware/Gifts,Mechanical keyboards are way too loud and annoying. Why do people pay so much money for them?,4,import_a0167,GamerGirl,I totally agree. My roommate has one and it sounds like a machine gun when they play games at night.
import_q081,AI,AI art looks entirely soulless and weird to me. People keep posting it and I can always tell it is fake.,4,import_a0168,ArtLover,The hands are always the giveaway! The fingers always blend together into a creepy mess.
import_q081,AI,AI art looks entirely soulless and weird to me. People keep posting it and I can always tell it is fake.,4,import_a0169,FutureTech,"It is getting better very quickly though. Right now you can tell, but in a year or two, we might not be able to see the difference at all."
import_q082,Productivity Tools,What is the best calendar app that works perfectly on both a Mac and a Windows computer?,4,import_a0170,CalendarKing,"Just use Google Calendar. It runs in your web browser, so it does not matter what kind of computer or phone you are using."
import_q082,Productivity Tools,What is the best calendar app that works perfectly on both a Mac and a Windows computer?,4,import_a0171,AppHunter,Check out [TickTick](https://ticktick.com/). It has great apps for both Windows and Mac and combines your calendar with your daily to-do list.
import_q083,UX/UI Design,Why do pop-ups ask for my email the very second I open a store website? It makes me want to leave immediately.,4,import_a0172,MarketingPro,"They do it because, sadly, it actually works. A lot of people will type their email to get a ten percent discount right away."
import_q083,UX/UI Design,Why do pop-ups ask for my email the very second I open a store website? It makes me want to leave immediately.,4,import_a0173,AngryShopper,"I leave immediately too! If I have not even seen your products yet, why would I give you my personal email?"
import_q084,Software/Coding,I accidentally uploaded a file with my email password to a public site. Am I going to get hacked right now?,4,import_a0174,SecurityExpert,Go change your password this exact second. There are automated bots that scan public files for passwords all day long. Assume they already saw it.
import_q084,Software/Coding,I accidentally uploaded a file with my email password to a public site. Am I going to get hacked right now?,4,import_a0175,PanicHelper,"Change the password immediately, and make sure you turn on two-step verification where they text your phone a code."
import_q085,Hardware/Gifts,"Does anyone actually need 32 gigabytes of memory for a normal computer, or is the store trying to trick me?",4,import_a0176,TechSaver,"Unless you are editing giant 4K videos or playing crazy heavy video games, you absolutely do not need that much. 16 gigabytes is perfect for normal use."
import_q085,Hardware/Gifts,"Does anyone actually need 32 gigabytes of memory for a normal computer, or is the store trying to trick me?",4,import_a0177,SalesHater,They are trying to upsell you so they make more money. Save your cash and buy a bigger hard drive for storing photos instead.
import_q086,Cybersecurity/Privacy,How do I know if an email from my bank is actually real or if it is a scam trying to trick me?,4,import_a0178,SafeBanker,"Never click the link in the email. Just open your web browser, type in your bank website yourself, and log in. If there is a real problem, you will see an alert there."
import_q086,Cybersecurity/Privacy,How do I know if an email from my bank is actually real or if it is a scam trying to trick me?,4,import_a0179,DetailChecker,Look at the email address it came from very closely. Sometimes it will say Chase Bank but the email address is actually random letters from a weird website.
import_q087,Productivity Tools,Too many productivity apps actually make you less productive because you waste time checking them.,4,import_a0180,FocusMaster,"I could not agree more. Every time you switch between apps, you lose your focus. I dropped all apps and just use sticky notes now."
import_q087,Productivity Tools,Too many productivity apps actually make you less productive because you waste time checking them.,4,import_a0181,ToolLover,The trick is to just pick one tool and stick to it. Do not try a new app every week. You can learn more about focusing on [Zen Habits](https://zenhabits.net/).
import_q088,UX/UI Design,I just opened a new design app and there are way too many buttons. Where do I even click first without messing up?,2,import_a0182,DesignTutor,Just look for the big button that says Frame or Artboard. That gives you a blank white box to start putting shapes into. Ignore everything else for now.
import_q089,AI,ChatGPT keeps giving me completely fake links when I ask it to find articles for me. Why is it lying?,4,import_a0183,AI_Expert,"It does not actually search the live internet most of the time. It tries to guess what a link should look like based on words, so it makes them up. This is called a hallucination."
import_q089,AI,ChatGPT keeps giving me completely fake links when I ask it to find articles for me. Why is it lying?,4,import_a0184,ResearchPro,"Never use it for web links! If you need real articles, try using [Google Scholar](https://scholar.google.com/) instead."
import_q090,Software/Coding,Why do programmers care so much about using tabs versus using spaces? It seems so silly to fight over.,4,import_a0185,CodeHistorian,"It is mostly an old joke now, but spaces ensure the code looks exactly the same on every single computer screen. Tabs can look wider or thinner depending on the screen."
import_q090,Software/Coding,Why do programmers care so much about using tabs versus using spaces? It seems so silly to fight over.,4,import_a0186,TabsForLife,"Tabs save file space! One tab is one character, but spaces are four characters. Also, you only have to press the button once."
import_q091,Hardware/Gifts,Why do home printers still suck so much? It always says offline when I just want to print one single page.,4,import_a0187,AngryPrinter,Because they make them as cheap as possible so they can overcharge you for the ink later. The Wi-Fi chips inside them are terrible.
import_q091,Hardware/Gifts,Why do home printers still suck so much? It always says offline when I just want to print one single page.,4,import_a0188,LaserFan,Stop buying cheap ink printers! Get a black and white laser printer from a brand like Brother. They never break and the powder never dries out.
import_q092,Productivity Tools,I lost my phone and my authentication app was on it. Am I locked out of my accounts forever?,4,import_a0189,TechRescue,"When you first set up those apps, they usually give you backup codes to print out or save. If you saved those, you can use them to get back in!"
import_q092,Productivity Tools,I lost my phone and my authentication app was on it. Am I locked out of my accounts forever?,4,import_a0190,SupportCaller,"If you do not have backup codes, you will have to email the support team for each website. It takes a few days, but they can usually verify who you are and let you back in."
import_q093,Cybersecurity/Privacy,Should I put a piece of tape over my laptop camera? I see people do it but it looks so ugly.,4,import_a0191,SafeWeb,"Honestly, yes. If someone hacks your computer, they can turn on the camera without the little green light showing up. Tape is the cheapest security you can buy."
import_q093,Cybersecurity/Privacy,Should I put a piece of tape over my laptop camera? I see people do it but it looks so ugly.,4,import_a0192,TechMinimalist,You can buy little plastic sliding covers on Amazon that look much cleaner than tape. They just slide open when you need a video call.
import_q094,UX/UI Design,What does UX even mean? Isn't it just making things look pretty with nice colors?,2,import_a0193,UX_Designer,"UI is making it look pretty. UX stands for User Experience, which is how easy it feels to use. If a door looks beautiful but you do not know whether to push or pull, it has bad UX."
import_q095,Hardware/Gifts,Curved monitors are a total gimmick and just look weird on a desk. Tell me I am wrong.,4,import_a0194,ScreenJunkie,"They are amazing if you have a massive screen! Because the screen wraps around your head, the edges are closer to your eyes, so you do not have to turn your neck as much."
import_q095,Hardware/Gifts,Curved monitors are a total gimmick and just look weird on a desk. Tell me I am wrong.,4,import_a0195,OfficeGuy,I agree with you for small screens. Anything under 30 inches does not need a curve. It is just silly.
import_q096,Software/Coding,Is math actually important for coding? I am terrible at math but I want to build websites.,4,import_a0196,WebDev,For building normal websites? Absolutely not. You just need to know basic adding and subtracting. It is more about logic and organizing things like a puzzle.
import_q096,Software/Coding,Is math actually important for coding? I am terrible at math but I want to build websites.,4,import_a0197,GameMaker,"It depends on what you build. If you want to make 3D video games or artificial intelligence, you need a lot of math. If you want to make a blog, you need zero math."
import_q097,Productivity Tools,Why is everyone so obsessed with the Pomodoro timer thing? It is just a kitchen clock.,4,import_a0198,FocusFan,"It is because twenty five minutes feels very easy to do. When you feel lazy, telling yourself to just work for twenty minutes tricks your brain into starting."
import_q097,Productivity Tools,Why is everyone so obsessed with the Pomodoro timer thing? It is just a kitchen clock.,4,import_a0199,BurnoutHater,The most important part is the mandatory break. It stops you from staring at a screen for four hours straight so you do not get a headache.
import_q098,Cybersecurity/Privacy,I use the same password for everything but I change the last number. Is that bad?,2,import_a0200,SecAdmin,"Yes, very bad! Hackers know people do this. If they find out your password is Apple1, their automated tools will automatically try Apple2 and Apple3."
import_q099,Hardware/Gifts,I bought a new graphics card for gaming and it literally does not fit inside my computer case. What do I do?,4,import_a0201,PCBuilder,"You only have two options. You can return the card and measure your case to buy a smaller one, or you can buy a completely new computer case and move all your parts over."
import_q099,Hardware/Gifts,I bought a new graphics card for gaming and it literally does not fit inside my computer case. What do I do?,4,import_a0202,MeasureTwice,You can use a site like [PC Part Picker](https://pcpartpicker.com/) next time! It checks the physical sizes of everything and warns you if they will not fit together.
import_q100,AI,Will learning to use AI make me lazy? I feel like I am cheating when I use it to write cover letters.,4,import_a0203,JobSeeker,Think of it like using a calculator. It is a tool to help you skip the boring parts so you can focus on making the letter sound like your actual personality.
import_q100,AI,Will learning to use AI make me lazy? I feel like I am cheating when I use it to write cover letters.,4,import_a0204,OldTimer,"If you copy and paste it without reading it, yes, that is lazy. But if you use it to get past writers block and then rewrite it yourself, it is just smart."
import_q051,UX/UI Design,Why do all websites look exactly the same now? It is just big pictures and large text everywhere.,6,import_a0205,Dave123,I think it is because most people use phones now. Big text and pictures are much easier to tap on a small screen.
import_q051,UX/UI Design,Why do all websites look exactly the same now? It is just big pictures and large text everywhere.,6,import_a0206,WebFan,A lot of people just use website builders like [Squarespace](https://www.squarespace.com/) which give everyone the exact same basic templates.
import_q051,UX/UI Design,Why do all websites look exactly the same now? It is just big pictures and large text everywhere.,6,import_a0207,DesignNerd,"It is actually about making things easy to read quickly. When websites look similar, people do not have to learn how to use them every single time."
import_q052,Software/Coding,I am trying to learn Python but I am so lost. Where do I actually start without getting confused?,6,import_a0208,CodeNewbie,I was stuck too! I highly recommend [Codecademy](https://www.codecademy.com/). It lets you type code right in your web browser so you do not have to install anything complicated.
import_q052,Software/Coding,I am trying to learn Python but I am so lost. Where do I actually start without getting confused?,6,import_a0209,PythonPro,Start by trying to fix one small problem in your daily life. Do not try to build a huge video game on day one.
import_q052,Software/Coding,I am trying to learn Python but I am so lost. Where do I actually start without getting confused?,6,import_a0210,SarahJ,Check this out: YouTube has amazing free videos. Just search for Python for absolute beginners. Watching someone else do it really helps.
import_q053,Productivity Tools,Is Notion actually better than just using a simple paper notebook? It looks like too much work.,8,import_a0211,PaperLover,"Honestly, no. A plain paper notebook never runs out of battery and it does not distract you with internet notifications."
import_q053,Productivity Tools,Is Notion actually better than just using a simple paper notebook? It looks like too much work.,8,import_a0212,NotionFan,It depends on what you need! I use [Notion](https://www.notion.so/) because I can search for words easily. You cannot use a search bar on a piece of paper.
import_q053,Productivity Tools,Is Notion actually better than just using a simple paper notebook? It looks like too much work.,8,import_a0213,BusyMom,I tried it and gave up. It felt like I was spending more time organizing my tasks than actually doing them.
import_q053,Productivity Tools,Is Notion actually better than just using a simple paper notebook? It looks like too much work.,8,import_a0214,TechStudent,"In my experience, it is great if you use a free template someone else already made. Do not build it from scratch."
import_q054,Hardware/Gifts,My budget is 50 dollars. What is the absolute best computer mouse I can get for my office job?,4,import_a0215,MouseGuy,I recommend the Logitech M720. It is usually under 50 dollars and you can connect it to different computers with one button.
import_q054,Hardware/Gifts,My budget is 50 dollars. What is the absolute best computer mouse I can get for my office job?,4,import_a0216,OfficeWorker,"Actually, just get a basic wired mouse. They never die, never need batteries, and cost like 10 bucks on [Amazon](https://www.amazon.com/)."
import_q055,Cybersecurity/Privacy,Should I really be worried about my phone listening to me? I talked about shoes and now I see shoe ads everywhere.,8,import_a0217,TechTruth,"In my experience, they are not actually recording your voice. They just track what you search for and where you travel. It is creepy but they are not listening to your actual words."
import_q055,Cybersecurity/Privacy,Should I really be worried about my phone listening to me? I talked about shoes and now I see shoe ads everywhere.,8,import_a0218,PrivacyFirst,You can turn off microphone access for apps in your phone settings if you are worried! It helps give you some peace of mind.
import_q055,Cybersecurity/Privacy,Should I really be worried about my phone listening to me? I talked about shoes and now I see shoe ads everywhere.,8,import_a0219,AdGuy,It is usually just a coincidence. You probably searched for something similar recently or your friend searched for it while you were on the same Wi-Fi.
import_q055,Cybersecurity/Privacy,Should I really be worried about my phone listening to me? I talked about shoes and now I see shoe ads everywhere.,8,import_a0220,SafeWeb,"If you want to stop the ads, check out the [Brave Browser](https://brave.com/). It blocks a lot of those creepy trackers automatically."
import_q057,UX/UI Design,Why do websites hide the menu behind those three little horizontal lines? I can never find anything.,4,import_a0221,PhoneUser,That is called a hamburger menu! Designers use it to save space on small screens so the page does not look messy.
import_q057,UX/UI Design,Why do websites hide the menu behind those three little horizontal lines? I can never find anything.,4,import_a0222,OldSchool,I hate it too. I prefer when all the buttons are just at the top of the page so I know exactly where to click.
import_q058,Hardware/Gifts,I spilled a whole glass of water on my laptop keyboard. I turned it off. What do I do right now?!,6,import_a0223,FixItFelix,Keep it turned off! Do not turn it on to check if it works. Unplug it and lay it open face down on a towel for at least two days.
import_q058,Hardware/Gifts,I spilled a whole glass of water on my laptop keyboard. I turned it off. What do I do right now?!,6,import_a0224,TechSupport,"If you can easily take the battery out, do that immediately. But most new laptops do not let you do that, so just let it dry completely."
import_q058,Hardware/Gifts,I spilled a whole glass of water on my laptop keyboard. I turned it off. What do I do right now?!,6,import_a0225,RiceMyth,"Whatever you do, do not put it in rice! Rice dust can get inside and ruin the fans. You can read why on [iFixit](https://www.ifixit.com/)."
import_q059,Productivity Tools,I have 500 unread emails and the number keeps growing. How do I fix this without deleting everything?,6,import_a0226,InboxZero,Search for the word unsubscribe and delete all those automatic emails first. That will clear out half of your inbox right away.
import_q059,Productivity Tools,I have 500 unread emails and the number keeps growing. How do I fix this without deleting everything?,6,import_a0227,BusyWorker,"I recommend putting all of your older emails into a folder called Archive. They are not deleted, so you can still search for them later, but your main screen will be clean."
import_q059,Productivity Tools,I have 500 unread emails and the number keeps growing. How do I fix this without deleting everything?,6,import_a0228,LazyGenius,"Honestly, just ignore the number. If it is really important, the person will email you again."
import_q060,Software/Coding,What is the best programming language to learn if I want to make a simple iPhone game?,4,import_a0229,GameDev,"If you only want it on iPhone, look into Swift. It is made by Apple specifically for their phones."
import_q060,Software/Coding,What is the best programming language to learn if I want to make a simple iPhone game?,4,import_a0230,UnityFan,"I highly recommend using [Unity](https://unity.com/). You learn C# with it, and it lets you put your game on iPhone and Android at the same time."
import_q061,Cybersecurity/Privacy,I clicked a link in a random text message about a package delivery. Did I just ruin my phone?,4,import_a0231,SecurityPro,"If you just clicked the link but did not type in any passwords or download anything, you are probably fine. Just close the page."
import_q061,Cybersecurity/Privacy,I clicked a link in a random text message about a package delivery. Did I just ruin my phone?,4,import_a0232,ScamHater,Never put your credit card info into those sites! That is how they steal your money. They trick you into paying a tiny delivery fee.
import_q062,AI,How does an AI actually generate a picture from just a few words? It feels like magic.,4,import_a0233,AI_Nerd,"It looked at millions of pictures on the internet and learned what things look like. When you say cat, it remembers the pattern of a cat from all those photos."
import_q062,AI,How does an AI actually generate a picture from just a few words? It feels like magic.,4,import_a0234,SimpleScience,Think of it like a very fast artist who has memorized every drawing in the world and tries to blend them together based on your instructions.
import_q063,UX/UI Design,Dark mode is actually terrible for reading long articles. Am I the only one who thinks this?,6,import_a0235,SammyG,I completely agree! My eyes hurt so much when reading bright white text on a super black background.
import_q063,UX/UI Design,Dark mode is actually terrible for reading long articles. Am I the only one who thinks this?,6,import_a0236,TechFan,"Actually, dark mode saves battery on newer phone screens. But yes, it can make you squint if you read for too long."
import_q063,UX/UI Design,Dark mode is actually terrible for reading long articles. Am I the only one who thinks this?,6,import_a0237,DesignPro,"It is all about the gray tones. Good dark mode uses dark gray, not pure black. Check out the [Material Design Guide](https://m3.material.io/) to see how they fix this."
import_q064,Hardware/Gifts,What is the difference between a cheap 5 dollar TV cable and an expensive 50 dollar one?,4,import_a0238,TVGuy,"For regular digital cables like HDMI, there is absolutely no difference in picture quality. It either works or it does not. Save your money."
import_q064,Hardware/Gifts,What is the difference between a cheap 5 dollar TV cable and an expensive 50 dollar one?,4,import_a0239,GamerDude,"In my experience, the only difference is how strong the cord is. Cheap ones might break if you bend them too much, but the picture is the exact same."
import_q065,Productivity Tools,I need a simple app to share a grocery list with my wife. What do you all use?,6,import_a0240,FamilyMan,We just use the Notes app that comes on the iPhone. You can share it and both people can check things off.
import_q065,Productivity Tools,I need a simple app to share a grocery list with my wife. What do you all use?,6,import_a0241,ListLover,I recommend [AnyList](https://www.anylist.com/). It automatically sorts your food into categories like dairy and produce so you walk through the store faster.
import_q065,Productivity Tools,I need a simple app to share a grocery list with my wife. What do you all use?,6,import_a0242,GoogleFan,Google Keep is amazing for this. It is totally free and works even if one of you has an Android and the other has an iPhone.
import_q066,Software/Coding,Learning to code is a total waste of time now that AI can write it for you. Right?,4,import_a0243,CodeVeteran,"Not at all. AI is like a fancy calculator. It can do the math, but you still need to know what numbers to type in to get the right answer."
import_q066,Software/Coding,Learning to code is a total waste of time now that AI can write it for you. Right?,4,import_a0244,TechRealist,"AI makes a lot of mistakes. If you do not know how to code, you will not know how to fix the broken code it gives you."
import_q067,Cybersecurity/Privacy,What is the easiest password manager for someone who is terrible with computers?,4,import_a0245,SafeTech,"I recommend [Bitwarden](https://bitwarden.com/). It is free, very secure, and works on your phone and computer without being confusing."
import_q067,Cybersecurity/Privacy,What is the easiest password manager for someone who is terrible with computers?,4,import_a0246,AppleUser,"If you only use Apple devices, just use the built-in iCloud Keychain. It saves everything automatically and you just use your fingerprint or face to log in."
import_q068,UX/UI Design,I have to build a website for my mom's bakery by Friday and I have no clue where to start. Help!,4,import_a0247,HelpfulDesigner,"Do not panic! Use a template. Just get [Wix](https://www.wix.com/), pick a food template, change the words, and add some nice photos of her bread."
import_q068,UX/UI Design,I have to build a website for my mom's bakery by Friday and I have no clue where to start. Help!,4,import_a0248,BizOwner,"Honestly, a lot of small shops just use a Facebook page or Instagram now instead of a full website. It is much faster to set up."
import_q069,AI,I want to use AI to help me write better business emails. Is there a free tool that is good?,4,import_a0249,EmailPro,Just use the free version of ChatGPT! You can paste your messy thoughts and ask it to make it sound professional.
import_q069,AI,I want to use AI to help me write better business emails. Is there a free tool that is good?,4,import_a0250,GrammarFan,I highly recommend [Grammarly](https://www.grammarly.com/). It fixes your spelling and tone right inside your email window without you having to open a new tab.
import_q070,Hardware/Gifts,I want to buy my dad a tablet just for reading the morning news. iPad or a cheap Amazon tablet?,6,import_a0251,Daughter22,"Get an iPad if you can afford it. It will last five times longer without getting slow, and it is much easier for older folks to use."
import_q070,Hardware/Gifts,I want to buy my dad a tablet just for reading the morning news. iPad or a cheap Amazon tablet?,6,import_a0252,BudgetShopper,"If it is literally just for reading text, an Amazon Fire tablet is totally fine and saves you hundreds of dollars."
import_q070,Hardware/Gifts,I want to buy my dad a tablet just for reading the morning news. iPad or a cheap Amazon tablet?,6,import_a0253,TechDad,"In my experience, cheap tablets have awful screens. Reading on them hurts your eyes. Check out refurbished iPads on [Apple](https://www.apple.com/)."
import_q071,Productivity Tools,Why does my work chat always send me notifications even when I set my status to away?,2,import_a0254,TiredWorker,You probably have your settings on mobile pushing notifications anyway. You have to tell the app on your phone to pause notifications too.
import_q072,Software/Coding,I have been staring at this error message for two hours. It says syntax error but everything looks right!,4,import_a0255,EagleEye,"A syntax error usually means you forgot a tiny symbol, like a comma, a bracket, or a colon at the end of a line. Check the line directly above where the error is pointing!"
import_q072,Software/Coding,I have been staring at this error message for two hours. It says syntax error but everything looks right!,4,import_a0256,CodeHelper,Try copying the exact error message and pasting it into Google. I guarantee someone else had the exact same problem.
import_q073,Cybersecurity/Privacy,I actually do not care if big companies have my data. I like getting ads for things I want. Is that wrong?,4,import_a0257,PrivacyNerd,"It is your choice! The problem is not just ads, it is that if they get hacked, your personal information like your home address could be stolen by criminals."
import_q073,Cybersecurity/Privacy,I actually do not care if big companies have my data. I like getting ads for things I want. Is that wrong?,4,import_a0258,ChillUser,I am exactly like you. I would rather see an ad for a cool video game than an ad for adult diapers. I do not mind the tracking.
import_q074,UX/UI Design,Infinite scrolling is the worst thing to happen to the internet. I miss pages with numbers at the bottom.,4,import_a0259,MindfulSurfer,Yes! Infinite scroll is designed to trap you and keep you looking at the screen forever. Pages gave you a natural stopping point.
import_q074,UX/UI Design,Infinite scrolling is the worst thing to happen to the internet. I miss pages with numbers at the bottom.,4,import_a0260,LazyScroller,"I actually love it. Clicking next page is annoying, especially on a phone. Just swiping up is so much easier."
import_q075,Hardware/Gifts,My phone battery dies by two in the afternoon every single day and it is only a year old. Why?,4,import_a0261,BatterySaver,Go to your battery settings and see what app is eating the power. Usually it is a social media app running in the background.
import_q075,Hardware/Gifts,My phone battery dies by two in the afternoon every single day and it is only a year old. Why?,4,import_a0262,ScreenBright,"Check your screen brightness! If you leave it on maximum all day, it drains the battery incredibly fast."
import_q076,AI,My teacher uses an AI checker for homework. I wrote my paper myself but I am scared it will flag me as fake.,4,import_a0263,StudentLife,"I recommend saving your work history. If you type in Google Docs, it saves every edit you make. You can show that to your teacher as proof."
import_q076,AI,My teacher uses an AI checker for homework. I wrote my paper myself but I am scared it will flag me as fake.,4,import_a0264,TechTeacher,"Actually, most of those checking tools are very inaccurate. You can read an article about how they fail often on [The Verge](https://www.theverge.com/). Just be honest and show your rough drafts."
import_q077,Productivity Tools,Do normal people actually use Trello for their personal lives? It looks like it is just for office project managers.,4,import_a0265,OrganizedMess,"I use it for planning vacations! I make a column for places to eat, things to do, and hotels. It is super visual."
import_q077,Productivity Tools,Do normal people actually use Trello for their personal lives? It looks like it is just for office project managers.,4,import_a0266,SimpleLife,"I think it is overkill for daily chores, but it is great if you are moving to a new house and have a hundred things to track."
import_q078,Software/Coding,"What actually happens when a website goes down? Like, where did it go?",4,import_a0267,ServerAdmin,"A website is just a bunch of files sitting on a computer in a big warehouse. If that computer loses power or gets too crowded, it cannot send the files to your phone."
import_q078,Software/Coding,"What actually happens when a website goes down? Like, where did it go?",4,import_a0268,TechieMom,"Think of it like a restaurant. If the kitchen catches on fire, they lock the front doors. The building is still there, but you cannot get any food."
import_q079,Cybersecurity/Privacy,I hate that I have to make an account just to read a single news article online. Why do they do this?,4,import_a0269,NewsJunkie,They want your email address so they can send you newsletters and eventually try to make you pay for a subscription.
import_q079,Cybersecurity/Privacy,I hate that I have to make an account just to read a single news article online. Why do they do this?,4,import_a0270,BypassTrick,"Sometimes if you use reader mode on your web browser, it hides the popup so you can read the text anyway. Give it a try!"
import_q080,Hardware/Gifts,Mechanical keyboards are way too loud and annoying. Why do people pay so much money for them?,4,import_a0271,TypingFan,They feel amazing to type on. It gives you physical feedback so you know you hit the key. You can actually buy quiet switches for them!
import_q080,Hardware/Gifts,Mechanical keyboards are way too loud and annoying. Why do people pay so much money for them?,4,import_a0272,GamerGirl,I totally agree. My roommate has one and it sounds like a machine gun when they play games at night.
import_q081,AI,AI art looks entirely soulless and weird to me. People keep posting it and I can always tell it is fake.,4,import_a0273,ArtLover,The hands are always the giveaway! The fingers always blend together into a creepy mess.
import_q081,AI,AI art looks entirely soulless and weird to me. People keep posting it and I can always tell it is fake.,4,import_a0274,FutureTech,"It is getting better very quickly though. Right now you can tell, but in a year or two, we might not be able to see the difference at all."
import_q082,Productivity Tools,What is the best calendar app that works perfectly on both a Mac and a Windows computer?,4,import_a0275,CalendarKing,"Just use Google Calendar. It runs in your web browser, so it does not matter what kind of computer or phone you are using."
import_q082,Productivity Tools,What is the best calendar app that works perfectly on both a Mac and a Windows computer?,4,import_a0276,AppHunter,Check out [TickTick](https://ticktick.com/). It has great apps for both Windows and Mac and combines your calendar with your daily to-do list.
import_q083,UX/UI Design,Why do pop-ups ask for my email the very second I open a store website? It makes me want to leave immediately.,4,import_a0277,MarketingPro,"They do it because, sadly, it actually works. A lot of people will type their email to get a ten percent discount right away."
import_q083,UX/UI Design,Why do pop-ups ask for my email the very second I open a store website? It makes me want to leave immediately.,4,import_a0278,AngryShopper,"I leave immediately too! If I have not even seen your products yet, why would I give you my personal email?"
import_q084,Software/Coding,I accidentally uploaded a file with my email password to a public site. Am I going to get hacked right now?,4,import_a0279,SecurityExpert,Go change your password this exact second. There are automated bots that scan public files for passwords all day long. Assume they already saw it.
import_q084,Software/Coding,I accidentally uploaded a file with my email password to a public site. Am I going to get hacked right now?,4,import_a0280,PanicHelper,"Change the password immediately, and make sure you turn on two-step verification where they text your phone a code."
import_q085,Hardware/Gifts,"Does anyone actually need 32 gigabytes of memory for a normal computer, or is the store trying to trick me?",4,import_a0281,TechSaver,"Unless you are editing giant 4K videos or playing crazy heavy video games, you absolutely do not need that much. 16 gigabytes is perfect for normal use."
import_q085,Hardware/Gifts,"Does anyone actually need 32 gigabytes of memory for a normal computer, or is the store trying to trick me?",4,import_a0282,SalesHater,They are trying to upsell you so they make more money. Save your cash and buy a bigger hard drive for storing photos instead.
import_q086,Cybersecurity/Privacy,How do I know if an email from my bank is actually real or if it is a scam trying to trick me?,4,import_a0283,SafeBanker,"Never click the link in the email. Just open your web browser, type in your bank website yourself, and log in. If there is a real problem, you will see an alert there."
import_q086,Cybersecurity/Privacy,How do I know if an email from my bank is actually real or if it is a scam trying to trick me?,4,import_a0284,DetailChecker,Look at the email address it came from very closely. Sometimes it will say Chase Bank but the email address is actually random letters from a weird website.
import_q087,Productivity Tools,Too many productivity apps actually make you less productive because you waste time checking them.,4,import_a0285,FocusMaster,"I could not agree more. Every time you switch between apps, you lose your focus. I dropped all apps and just use sticky notes now."
import_q087,Productivity Tools,Too many productivity apps actually make you less productive because you waste time checking them.,4,import_a0286,ToolLover,The trick is to just pick one tool and stick to it. Do not try a new app every week. You can learn more about focusing on [Zen Habits](https://zenhabits.net/).
import_q088,UX/UI Design,I just opened a new design app and there are way too many buttons. Where do I even click first without messing up?,2,import_a0287,DesignTutor,Just look for the big button that says Frame or Artboard. That gives you a blank white box to start putting shapes into. Ignore everything else for now.
import_q089,AI,ChatGPT keeps giving me completely fake links when I ask it to find articles for me. Why is it lying?,4,import_a0288,AI_Expert,"It does not actually search the live internet most of the time. It tries to guess what a link should look like based on words, so it makes them up. This is called a hallucination."
import_q089,AI,ChatGPT keeps giving me completely fake links when I ask it to find articles for me. Why is it lying?,4,import_a0289,ResearchPro,"Never use it for web links! If you need real articles, try using [Google Scholar](https://scholar.google.com/) instead."
import_q090,Software/Coding,Why do programmers care so much about using tabs versus using spaces? It seems so silly to fight over.,4,import_a0290,CodeHistorian,"It is mostly an old joke now, but spaces ensure the code looks exactly the same on every single computer screen. Tabs can look wider or thinner depending on the screen."
import_q090,Software/Coding,Why do programmers care so much about using tabs versus using spaces? It seems so silly to fight over.,4,import_a0291,TabsForLife,"Tabs save file space! One tab is one character, but spaces are four characters. Also, you only have to press the button once."
import_q091,Hardware/Gifts,Why do home printers still suck so much? It always says offline when I just want to print one single page.,4,import_a0292,AngryPrinter,Because they make them as cheap as possible so they can overcharge you for the ink later. The Wi-Fi chips inside them are terrible.
import_q091,Hardware/Gifts,Why do home printers still suck so much? It always says offline when I just want to print one single page.,4,import_a0293,LaserFan,Stop buying cheap ink printers! Get a black and white laser printer from a brand like Brother. They never break and the powder never dries out.
import_q092,Productivity Tools,I lost my phone and my authentication app was on it. Am I locked out of my accounts forever?,4,import_a0294,TechRescue,"When you first set up those apps, they usually give you backup codes to print out or save. If you saved those, you can use them to get back in!"
import_q092,Productivity Tools,I lost my phone and my authentication app was on it. Am I locked out of my accounts forever?,4,import_a0295,SupportCaller,"If you do not have backup codes, you will have to email the support team for each website. It takes a few days, but they can usually verify who you are and let you back in."
import_q093,Cybersecurity/Privacy,Should I put a piece of tape over my laptop camera? I see people do it but it looks so ugly.,4,import_a0296,SafeWeb,"Honestly, yes. If someone hacks your computer, they can turn on the camera without the little green light showing up. Tape is the cheapest security you can buy."
import_q093,Cybersecurity/Privacy,Should I put a piece of tape over my laptop camera? I see people do it but it looks so ugly.,4,import_a0297,TechMinimalist,You can buy little plastic sliding covers on Amazon that look much cleaner than tape. They just slide open when you need a video call.
import_q094,UX/UI Design,What does UX even mean? Isn't it just making things look pretty with nice colors?,2,import_a0298,UX_Designer,"UI is making it look pretty. UX stands for User Experience, which is how easy it feels to use. If a door looks beautiful but you do not know whether to push or pull, it has bad UX."
import_q095,Hardware/Gifts,Curved monitors are a total gimmick and just look weird on a desk. Tell me I am wrong.,4,import_a0299,ScreenJunkie,"They are amazing if you have a massive screen! Because the screen wraps around your head, the edges are closer to your eyes, so you do not have to turn your neck as much."
import_q095,Hardware/Gifts,Curved monitors are a total gimmick and just look weird on a desk. Tell me I am wrong.,4,import_a0300,OfficeGuy,I agree with you for small screens. Anything under 30 inches does not need a curve. It is just silly.
import_q096,Software/Coding,Is math actually important for coding? I am terrible at math but I want to build websites.,4,import_a0301,WebDev,For building normal websites? Absolutely not. You just need to know basic adding and subtracting. It is more about logic and organizing things like a puzzle.
import_q096,Software/Coding,Is math actually important for coding? I am terrible at math but I want to build websites.,4,import_a0302,GameMaker,"It depends on what you build. If you want to make 3D video games or artificial intelligence, you need a lot of math. If you want to make a blog, you need zero math."
import_q097,Productivity Tools,Why is everyone so obsessed with the Pomodoro timer thing? It is just a kitchen clock.,4,import_a0303,FocusFan,"It is because twenty five minutes feels very easy to do. When you feel lazy, telling yourself to just work for twenty minutes tricks your brain into starting."
import_q097,Productivity Tools,Why is everyone so obsessed with the Pomodoro timer thing? It is just a kitchen clock.,4,import_a0304,BurnoutHater,The most important part is the mandatory break. It stops you from staring at a screen for four hours straight so you do not get a headache.
import_q098,Cybersecurity/Privacy,I use the same password for everything but I change the last number. Is that bad?,2,import_a0305,SecAdmin,"Yes, very bad! Hackers know people do this. If they find out your password is Apple1, their automated tools will automatically try Apple2 and Apple3."
import_q099,Hardware/Gifts,I bought a new graphics card for gaming and it literally does not fit inside my computer case. What do I do?,4,import_a0306,PCBuilder,"You only have two options. You can return the card and measure your case to buy a smaller one, or you can buy a completely new computer case and move all your parts over."
import_q099,Hardware/Gifts,I bought a new graphics card for gaming and it literally does not fit inside my computer case. What do I do?,4,import_a0307,MeasureTwice,You can use a site like [PC Part Picker](https://pcpartpicker.com/) next time! It checks the physical sizes of everything and warns you if they will not fit together.
import_q100,AI,Will learning to use AI make me lazy? I feel like I am cheating when I use it to write cover letters.,4,import_a0308,JobSeeker,Think of it like using a calculator. It is a tool to help you skip the boring parts so you can focus on making the letter sound like your actual personality.
import_q100,AI,Will learning to use AI make me lazy? I feel like I am cheating when I use it to write cover letters.,4,import_a0309,OldTimer,"If you copy and paste it without reading it, yes, that is lazy. But if you use it to get past writers block and then rewrite it yourself, it is just smart."
